x_m,r_m
0.00000000,0.00000000
0.00000000,0.00187443
0.00941906,0.01722006
0.01883811,0.03256807
0.02825717,0.04791611
0.03767623,0.05763255
0.04709528,0.06657866
0.05651434,0.07556227
0.06593339,0.08454635
0.07535245,0.09353077
0.08477151,0.10251544
0.09419056,0.11150029
0.10360962,0.12051811
0.11302868,0.12709038
0.12244773,0.13272325
0.13186679,0.13851618
0.14128585,0.14431044
0.15070490,0.15010588
0.16012396,0.15590236
0.16954302,0.16169978
0.17896207,0.16749803
0.18838113,0.17189460
0.19780018,0.17511852
0.20721924,0.17855336
0.21663830,0.18201779
0.22605735,0.18548382
0.23547641,0.18895137
0.24489547,0.19242035
0.25431452,0.19589069
0.26373358,0.19838023
0.27315264,0.19931954
0.28257169,0.20042580
0.29199075,0.20162913
0.30140981,0.20283426
0.31082886,0.20404115
0.32024792,0.20524976
0.32966697,0.20646008
0.33908603,0.20740758
0.34850509,0.20737016
0.35792414,0.20733346
0.36734320,0.20729749
0.37676226,0.20726223
0.38618131,0.20722770
0.39560037,0.20719389
0.40501943,0.20716081
0.41443848,0.20712844
0.42385754,0.20709680
0.43327660,0.20706589
0.44269565,0.20703570
0.45211471,0.20702237
0.46153376,0.20703031
0.47095282,0.20703829
0.48037188,0.20704632
0.48979093,0.20705439
0.49920999,0.20706251
0.50862905,0.20707067
0.51804810,0.20707888
0.52746716,0.20708713
0.53688622,0.20709543
0.54630527,0.20710378
0.55572433,0.20711217
0.56514338,0.20712060
0.57456244,0.20712908
0.58398150,0.20713760
0.59340055,0.20714617
0.60281961,0.20715479
0.61223867,0.20716345
0.62165772,0.20717215
0.63107678,0.20718090
0.64049584,0.20718970
0.64991489,0.20719854
0.65933395,0.20720743
0.66875301,0.20721636
0.67817206,0.20722533
0.68759112,0.20723435
0.69701017,0.20724342
0.70642923,0.20725253
0.71584829,0.20726169
0.72526734,0.20727089
0.73468640,0.20728014
0.74410546,0.20728943
0.75352451,0.20729877
0.76294357,0.20730815
0.77236263,0.20731757
0.78178168,0.20732705
0.79120074,0.20733656
0.80061980,0.20734612
0.81003885,0.20735573
0.81945791,0.20739205
0.82887696,0.20556747
0.83829602,0.20022005
0.84771508,0.19488274
0.85713413,0.18955641
0.86655319,0.18424200
0.87597225,0.17894056
0.88539130,0.17367578
0.89481036,0.16856641
0.90422942,0.16347409
0.91364847,0.15840048
0.92306753,0.15334742
0.93248659,0.15170844
0.94190564,0.15168592
0.95132470,0.15166375
0.96074375,0.15164194
0.97016281,0.15162048
0.97958187,0.15159938
0.98900092,0.15157863
0.99841998,0.15155824
1.00783904,0.15153820
1.01725809,0.15151852
1.02667715,0.15149920
1.03609621,0.15148023
1.04551526,0.15146162
1.05493432,0.15144336
1.06435337,0.15142546
1.07377243,0.15140792
1.08319149,0.15139074
1.09261054,0.15137391
1.10202960,0.15135743
1.11144866,0.15134132
1.12086771,0.15132556
1.13028677,0.15131016
1.13970583,0.15129512
1.14912488,0.15128043
1.15854394,0.15126610
1.16796300,0.15125213
1.17738205,0.15123852
1.18680111,0.15122527
1.19622016,0.15121237
1.20563922,0.15119983
1.21505828,0.15118765
1.22447733,0.15118511
1.23389639,0.15119683
1.24331545,0.15120891
1.25273450,0.15122135
1.26215356,0.15123414
1.27157262,0.15124730
1.28099167,0.15126081
1.29041073,0.15127468
1.29982979,0.15128891
1.30924884,0.15130350
1.31866790,0.15131844
1.32808695,0.15133374
1.33750601,0.15134940
1.34692507,0.15136541
1.35634412,0.15138179
1.36576318,0.15139852
1.37518224,0.15141560
1.38460129,0.15143304
1.39402035,0.15145084
1.40343941,0.15146900
1.41285846,0.15148751
1.42227752,0.15150638
1.43169657,0.15152561
1.44111563,0.15154519
1.45053469,0.15156512
1.45995374,0.15158541
1.46937280,0.15160606
1.47879186,0.15162706
1.48821091,0.15164842
1.49762997,0.15167014
1.50704903,0.15169220
1.51646808,0.15171463
1.52588714,0.15170628
1.53530620,0.15167690
1.54472525,0.15164814
1.55414431,0.15161998
1.56356336,0.15159243
1.57298242,0.15156549
1.58240148,0.15153916
1.59182053,0.15151344
1.60123959,0.15148833
1.61065865,0.15146383
1.62007770,0.15143994
1.62949676,0.15141666
1.63891582,0.15139400
1.64833487,0.15137195
1.65775393,0.15135050
1.66717299,0.15132967
1.67659204,0.15130946
1.68601110,0.15128985
1.69543015,0.15127086
1.70484921,0.15125249
1.71426827,0.15123472
1.72368732,0.15121757
1.73310638,0.15120104
1.74252544,0.15118511
1.75194449,0.15119118
1.76136355,0.15120684
1.77078261,0.15122312
1.78020166,0.15124002
1.78962072,0.15125753
1.79903978,0.15127565
1.80845883,0.15129438
1.81787789,0.15131373
1.82729694,0.15133369
1.83671600,0.15135427
1.84613506,0.15137545
1.85555411,0.15139725
1.86497317,0.15141966
1.87439223,0.15144268
1.88381128,0.17104136
1.89323034,0.17632795
1.90264940,0.17624924
1.91206845,0.17617089
1.92148751,0.17609291
1.93090656,0.17601529
1.94032562,0.17593804
1.94974468,0.17586117
1.95916373,0.17578466
1.96858279,0.17570852
1.97800185,0.17563275
1.98742090,0.17555735
1.99683996,0.17548232
2.00625902,0.17551949
2.01567807,0.17560151
2.02509713,0.17568389
2.03451619,0.17576664
2.04393524,0.17584975
2.05335430,0.17593322
2.06277335,0.17601705
2.07219241,0.17610125
2.08161147,0.17618581
2.09103052,0.17627073
2.10044958,0.17589705
2.10986864,0.17242005
2.11928769,0.16914604
2.12870675,0.16732922
2.13812581,0.16731391
2.14754486,0.16729861
2.15696392,0.16728331
2.16638298,0.16726803
2.17580203,0.16725274
2.18522109,0.16723747
2.19464014,0.16722220
2.20405920,0.16720694
2.21347826,0.16719168
2.22289731,0.16717644
2.23231637,0.16716120
2.24173543,0.16714596
2.25115448,0.16713073
2.26057354,0.16711551
2.26999260,0.16710030
2.27941165,0.16708509
2.28883071,0.16706989
2.29824977,0.16705470
2.30766882,0.16703951
2.31708788,0.16702433
2.32650693,0.16700916
2.33592599,0.16699399
2.34534505,0.16697883
2.35476410,0.16696368
2.36418316,0.16694853
2.37360222,0.16693339
2.38302127,0.16691826
2.39244033,0.16690314
2.40185939,0.16688802
2.41127844,0.16687291
2.42069750,0.16685780
2.43011655,0.16684270
2.43953561,0.16682761
2.44895467,0.16681253
2.45837372,0.16679745
2.46779278,0.16678238
2.47721184,0.16676731
2.48663089,0.16675226
2.49604995,0.16673721
2.50546901,0.16672216
2.51488806,0.16670713
2.52430712,0.16669210
2.53372618,0.16667707
2.54314523,0.16666206
2.55256429,0.16664705
2.56198334,0.16663205
2.57140240,0.16661705
2.58082146,0.16660206
2.59024051,0.16658708
2.59965957,0.16657211
2.60907863,0.16655714
2.61849768,0.16654218
2.62791674,0.16652722
2.63733580,0.16651227
2.64675485,0.16649733
2.65617391,0.16648240
2.66559297,0.16646747
2.67501202,0.16645255
2.68443108,0.16644639
2.69385013,0.16644663
2.70326919,0.16644689
2.71268825,0.16644715
2.72210730,0.16644741
2.73152636,0.16644769
2.74094542,0.16644797
2.75036447,0.16644825
2.75978353,0.16644855
2.76920259,0.16644885
2.77862164,0.16644915
2.78804070,0.16644947
2.79745976,0.16644979
2.80687881,0.16645012
2.81629787,0.16645045
2.82571692,0.16645080
2.83513598,0.16645115
2.84455504,0.16645150
2.85397409,0.16645186
2.86339315,0.16645223
2.87281221,0.16645261
2.88223126,0.16645299
2.89165032,0.16645338
2.90106938,0.16645378
2.91048843,0.16645419
2.91990749,0.16645460
2.92932654,0.16645502
2.93874560,0.16645544
2.94816466,0.16645587
2.95758371,0.16645631
2.96700277,0.16645676
2.97642183,0.16645721
2.98584088,0.16645767
2.99525994,0.16645813
3.00467900,0.16645861
3.01409805,0.16645909
3.02351711,0.16645957
3.03293617,0.16646007
3.04235522,0.16646057
3.05177428,0.16646108
3.06119333,0.16646159
3.07061239,0.16646211
3.08003145,0.16646264
3.08945050,0.16646317
3.09886956,0.16646372
3.10828862,0.16646427
3.11770767,0.16646482
3.12712673,0.16646538
3.13654579,0.16646595
3.14596484,0.16646653
3.15538390,0.16646711
3.16480296,0.16646770
3.17422201,0.16646830
3.18364107,0.16646890
3.19306012,0.16646951
3.20247918,0.16647013
3.21189824,0.16647076
3.22131729,0.16647139
3.23073635,0.16647203
3.24015541,0.16647267
3.24957446,0.16647332
3.25899352,0.16647398
3.26841258,0.16651333
3.27783163,0.16948002
3.28725069,0.17109970
3.29666975,0.17105339
3.30608880,0.17100719
3.31550786,0.17096112
3.32492691,0.17091518
3.33434597,0.17086936
3.34376503,0.17082366
3.35318408,0.17077810
3.36260314,0.17073265
3.37202220,0.17068733
3.38144125,0.17064214
3.39086031,0.17059708
3.40027937,0.17055214
3.40969842,0.17050732
3.41911748,0.17046263
3.42853653,0.17046469
3.43795559,0.17051130
3.44737465,0.17055803
3.45679370,0.17060489
3.46621276,0.17065188
3.47563182,0.17069899
3.48505087,0.17074622
3.49446993,0.17079358
3.50388899,0.17084106
3.51330804,0.17088866
3.52272710,0.17093640
3.53214616,0.17098425
3.54156521,0.17103223
3.55098427,0.17108033
3.56040332,0.17098337
3.56982238,0.16754364
3.57924144,0.16542014
3.58866049,0.16538658
3.59807955,0.16535309
3.60749861,0.16531967
3.61691766,0.16528632
3.62633672,0.16525303
3.63575578,0.16521981
3.64517483,0.16518666
3.65459389,0.16515358
3.66401295,0.16512056
3.67343200,0.16508762
3.68285106,0.16505474
3.69227011,0.16502193
3.70168917,0.16501744
3.71110823,0.16505165
3.72052728,0.16508592
3.72994634,0.16512025
3.73936540,0.16515466
3.74878445,0.16518913
3.75820351,0.16522367
3.76762257,0.16525828
3.77704162,0.16529295
3.78646068,0.16532769
3.79587973,0.16536250
3.80529879,0.16539738
3.81471785,0.16633105
3.82413690,0.16994829
3.83355596,0.16976477
3.84297502,0.16958327
3.85239407,0.16940378
3.86181313,0.16956710
3.87123219,0.16975608
3.88065124,0.16994705
3.89007030,0.16721799
3.89948936,0.16349619
3.90890841,0.16345685
3.91832747,0.16341761
3.92774652,0.16337846
3.93716558,0.16333941
3.94658464,0.16330045
3.95600369,0.16326158
3.96542275,0.16322281
3.97484181,0.16318413
3.98426086,0.17447793
3.99367992,0.18135150
4.00309898,0.18261556
4.01251803,0.18269744
4.02193709,0.18283468
4.03135615,0.18289578
4.04077520,0.18304941
4.05019426,0.18316300
4.05961331,0.18334678
4.06903237,0.18488338
4.07845143,0.18649588
4.08787048,0.18810826
4.09728954,0.18972051
4.10670860,0.19108698
4.11612765,0.19135678
4.12554671,0.19157172
4.13496577,0.19179216
4.14438482,0.19187651
4.15380388,0.19195637
4.16322294,0.19208964
4.17264199,0.19221045
4.18206105,0.19232864
4.19148010,0.19243929
4.20089916,0.19253953
4.21031822,0.19262664
4.21973727,0.19268288
4.22915633,0.19271787
4.23857539,0.19273400
4.24799444,0.19271658
4.25741350,0.19266736
4.26683256,0.19258915
4.27625161,0.19248202
4.28567067,0.19234355
4.29508972,0.19219012
4.30450878,0.19204776
4.31392784,0.19193292
4.32334689,0.19181862
4.33276595,0.19167087
4.34218501,0.19145483
4.35160406,0.19158250
4.36102312,0.19190538
4.37044218,0.19224433
4.37986123,0.19257483
4.38928029,0.19290387
4.39869935,0.19325241
4.40811840,0.19358859
4.41753746,0.19392135
4.42695651,0.19426696
4.43637557,0.19460246
4.44579463,0.19493350
4.45521368,0.19527254
4.46463274,0.19562754
4.47405180,0.19599420
4.48347085,0.19640303
4.49288991,0.19529002
4.50230897,0.19376752
4.51172802,0.19262113
4.52114708,0.19165721
4.53056614,0.19081441
4.53998519,0.19005863
4.54940425,0.18936028
4.55882330,0.18871307
4.56824236,0.18810277
4.57766142,0.18753333
4.58708047,0.18699341
4.59649953,0.18648396
4.60591859,0.18116131
4.61533764,0.17398487
4.62475670,0.16692700
4.63417576,0.12236679
4.64359481,0.12816608
4.65301387,0.13158336
4.66243293,0.13513511
4.67185198,0.13802431
4.68127104,0.14018817
4.69069009,0.14144038
4.70010915,0.14274523
4.70010915,0.00000000
